escenario,modelo,n_obs,n_features,CV5_RMSE,CV5_MAE,CV5_R2
escenario4,GradientBoosting,772,15,8.182126822800196,5.894862253408833,0.7606936809861067
escenario5,GradientBoosting,772,36,8.35331570869933,6.091043092008031,0.7503888217628469
